avg_Close,avg_High,avg_Low,avg_Open,avg_Volume
36.485162448956586,37.06012920306286,35.912926763001586,36.49513578895775,1.2569641788743254E7
